<?xml version="1.0" encoding="UTF-8"?>
<project-private xmlns="http://www.netbeans.org/ns/project-private/1">
    <editor-bookmarks xmlns="http://www.netbeans.org/ns/editor-bookmarks/2" lastBookmarkId="0"/>
    <open-files xmlns="http://www.netbeans.org/ns/projectui-open-files/2">
        <group>
            <file>file:/C:/Users/kenne/OneDrive/Documents/NetBeansProjects/Hospital/src/hospital/PatientList.java</file>
            <file>file:/C:/Users/kenne/OneDrive/Documents/NetBeansProjects/Hospital/src/hospital/Util.java</file>
            <file>file:/C:/Users/kenne/OneDrive/Documents/NetBeansProjects/Hospital/src/hospital/Menu.java</file>
            <file>file:/C:/Users/kenne/OneDrive/Documents/NetBeansProjects/Hospital/src/hospital/addPatient.java</file>
            <file>file:/C:/Users/kenne/OneDrive/Documents/NetBeansProjects/Hospital/src/hospital/model/Patient.java</file>
            <file>file:/C:/Users/kenne/OneDrive/Documents/NetBeansProjects/Hospital/src/hospital/model/Doctor.java</file>
            <file>file:/C:/Users/kenne/OneDrive/Documents/NetBeansProjects/Hospital/src/hospital/Login.java</file>
            <file>file:/C:/Users/kenne/OneDrive/Documents/NetBeansProjects/Hospital/src/hospital/Main.java</file>
            <file>file:/C:/Users/kenne/OneDrive/Documents/NetBeansProjects/Hospital/src/hospital/addDoctor.java</file>
            <file>file:/C:/Users/kenne/OneDrive/Documents/NetBeansProjects/Hospital/src/hospital/DoctorList.java</file>
        </group>
    </open-files>
</project-private>
